,id_target,disposition,period,duration
3,TIC 176942156,CANDIDATE,2.30183,1.9008
4,TIC 176942156,CANDIDATE,2.302368,
5,TIC 380166702,CANDIDATE,1.1947488,1.93
6,TIC 96244568,CANDIDATE,6.17887,2.5008
7,TIC 96244568,CANDIDATE,6.178369,
8,TIC 49427200,CANDIDATE,1.17589,1.248
9,TIC 173145687,CANDIDATE,10.6966,3.24
10,TIC 49504409,CANDIDATE,1.5374115,2.3808
11,TIC 56754094,CANDIDATE,2.71189,3.1008
12,TIC 96199085,CANDIDATE,18.10549,
14,TIC 443616789,CANDIDATE,79.9999,11.7504
15,TIC 443616789,CANDIDATE,,14.472
16,TIC 349458175,CANDIDATE,17.77297,2.8992
17,TIC 173109451,CANDIDATE,0.99656225,2.26
18,TIC 62965118,CANDIDATE,14.9139,3.264
19,TIC 62965118,CANDIDATE,14.912381,3.03
20,TIC 49429059,CANDIDATE,0.57303573,0.32
23,TIC 35019000,CANDIDATE,7.90417,1.92
24,TIC 35019000,CANDIDATE,7.9069606,1.73
25,TIC 173163938,CANDIDATE,1.0829614,1.22
26,TIC 173147407,CANDIDATE,0.905655,1.488
27,TIC 173147407,CANDIDATE,0.90552205,1.32
28,TIC 78312435,CANDIDATE,2.75421,1.32
29,TIC 78312435,CANDIDATE,2.75391,1.0296
30,TIC 78312435,CANDIDATE,2.7541129,1.24
33,TIC 421194234,CANDIDATE,10.50439,3.384
34,TIC 38132622,CANDIDATE,1.684208,1.3224
35,TIC 38086751,CANDIDATE,0.2122013,0.624
36,TIC 38086751,CANDIDATE,0.212194,
37,TIC 38086751,CANDIDATE,0.21219899,0.52
38,TIC 38116677,CANDIDATE,1.57771549,3.086
39,TIC 38116677,CANDIDATE,1.5778643,3.02
40,TIC 38116680,CANDIDATE,1.57771549,2.993
41,TIC 56813470,CANDIDATE,13.0113,2.2008
42,TIC 421192026,CANDIDATE,40.70206194,1.621
43,TIC 56760106,CANDIDATE,21.204739,
49,TIC 349456881,CANDIDATE,13.38382,2.2008
50,TIC 349456881,CANDIDATE,13.383629,
51,TIC 147677251,CANDIDATE,11.8951,
52,TIC 173164319,CANDIDATE,40.1401,3.024
53,TIC 443612346,CANDIDATE,7.4433,1.632
54,TIC 66664366,CANDIDATE,2.638,1.6992
55,TIC 56812600,CANDIDATE,27.47083,5.5008
56,TIC 49428482,CANDIDATE,2.8268121,6.8
58,TIC 49417963,CANDIDATE,4.441258,
59,TIC 49417963,CANDIDATE,4.4416421,2.74
60,TIC 49417963,CANDIDATE,4.44044,2.712
61,TIC 38140238,CANDIDATE,11.20381,1.1328
62,TIC 147684088,CANDIDATE,8.006875,2.5
63,TIC 425281171,CANDIDATE,3.3643115,7.4
65,TIC 301610040,CANDIDATE,13.837814,2.84
66,TIC 301610040,CANDIDATE,13.8394,2.52
67,TIC 301610040,CANDIDATE,7.79983,3.0
68,TIC 301610040,CANDIDATE,7.7991586,2.94
69,TIC 301610040,CANDIDATE,3.883,2.03
70,TIC 380543172,CANDIDATE,2.3330982,1.4
71,TIC 380543172,CANDIDATE,2.33293,1.2096
72,TIC 380543172,CANDIDATE,2.333123,1.128
73,TIC 363546314,CANDIDATE,20.2073,3.72
74,TIC 380576148,CANDIDATE,36.762337,18.73
75,TIC 380576148,CANDIDATE,36.7099,17.664
76,TIC 281782214,CANDIDATE,19.565799,5.3
77,TIC 363618134,CANDIDATE,6.39916,2.472
78,TIC 363618134,CANDIDATE,6.3991398,2.1
79,TIC 363550117,CANDIDATE,2.72273204,3.596
80,TIC 281731331,CANDIDATE,15.695142,2.9
81,TIC 396951334,CANDIDATE,2.48038,1.848
82,TIC 301610642,CANDIDATE,1.96712,2.712
83,TIC 301610642,CANDIDATE,1.9668579,2.4
85,TIC 366682587,CANDIDATE,12.726743,3.88
86,TIC 325315497,CANDIDATE,13.2359,2.64
87,TIC 902906874,CANDIDATE,0.18746328,1.07
88,TIC 325275220,CANDIDATE,8.6382631,1.89
89,TIC 325275220,CANDIDATE,8.63795,2.0472
90,TIC 325275220,CANDIDATE,8.63829,1.53192
91,TIC 325275220,CANDIDATE,8.6381,
94,TIC 396999673,CANDIDATE,0.4775252,2.0472
95,TIC 366661089,CANDIDATE,22.197992,2.54
96,TIC 366661089,CANDIDATE,44.394,2.784
97,TIC 363531159,CANDIDATE,3.2908998,0.96
98,TIC 363531159,CANDIDATE,3.29163,1.2888
102,TIC 363516247,CANDIDATE,2.89607106,1.874
103,TIC 363516247,CANDIDATE,2.896528,1.5984
104,TIC 363516247,CANDIDATE,2.8964139,1.63
105,TIC 363480617,CANDIDATE,0.444372,
106,TIC 363480617,CANDIDATE,0.44433632,0.72
108,TIC 337748956,CANDIDATE,7.28116,
109,TIC 337748956,CANDIDATE,7.28131,1.31
110,TIC 337748956,CANDIDATE,7.28138,1.32
111,TIC 337748956,CANDIDATE,7.28076,1.872
112,TIC 337748956,CANDIDATE,7.28161,
113,TIC 301560825,CANDIDATE,4.58328,2.208
114,TIC 301560825,CANDIDATE,1.65336,1.608
115,TIC 363445389,CANDIDATE,5.28130579,3.552
116,TIC 363445389,CANDIDATE,5.28081,3.26904
117,TIC 380544493,CANDIDATE,440.0,
118,TIC 363478545,CANDIDATE,30.0,
119,TIC 363478545,CANDIDATE,,5.16
120,TIC 301468055,CANDIDATE,7.655533,3.0
123,TIC 363571922,CANDIDATE,0.259669,
124,TIC 363571922,CANDIDATE,0.25967056,0.5
125,TIC 363571922,CANDIDATE,5.54583,2.088
126,TIC 363548738,CANDIDATE,18.4502,3.72
127,TIC 301540319,CANDIDATE,35.621,
128,TIC 325314405,CANDIDATE,4.1333,1.704
129,TIC 301624989,CANDIDATE,1.96133691,1.632367
130,TIC 301624989,CANDIDATE,1.9611469,1.33
131,TIC 281888055,CANDIDATE,40.7302,2.6496
132,TIC 281888055,CANDIDATE,40.7362,
133,TIC 363573780,CANDIDATE,18.10220826,4.521
134,TIC 397024870,CANDIDATE,0.60408352,0.97
135,TIC 380545567,CANDIDATE,3.52743,1.3296
136,TIC 380545567,CANDIDATE,3.52725,1.68
137,TIC 380545567,CANDIDATE,3.52674,
138,TIC 380545567,CANDIDATE,3.5269024,1.57
139,TIC 376757872,CANDIDATE,6340.0,
140,TIC 903094635,CANDIDATE,9.321691,3.6
141,TIC 301605847,CANDIDATE,6.662,3.072
144,TIC 425280270,CANDIDATE,,4.8072
149,TIC 363515702,CANDIDATE,1.395336,1.2312
150,TIC 363515702,CANDIDATE,1.39533316,1.18
151,TIC 363515702,CANDIDATE,1.3951513,1.15
152,TIC 380547741,CANDIDATE,15.3791,2.28
153,TIC 281910149,CANDIDATE,33.5116,5.352
154,TIC 281910149,CANDIDATE,33.515399,4.81
155,TIC 281910149,CANDIDATE,33.51569,
156,TIC 281910149,CANDIDATE,33.5107,5.2896
157,TIC 281910149,CANDIDATE,33.513607,
160,TIC 301604245,CANDIDATE,6.97251,2.808
164,TIC 380583651,CANDIDATE,12.3389,2.76
165,TIC 380583651,CANDIDATE,12.339133,2.84
166,TIC 350475295,CANDIDATE,2.89465,1.44
167,TIC 291074740,CANDIDATE,3.83794,2.112
168,TIC 291074740,CANDIDATE,5.24086,2.568
169,TIC 396915707,CANDIDATE,2790.0,
170,TIC 396947594,CANDIDATE,8.91058,2.88
171,TIC 388897619,CANDIDATE,28.271761,
172,TIC 388897619,CANDIDATE,28.2671,4.224
173,TIC 388897619,CANDIDATE,28.270642,4.3
174,TIC 388897619,CANDIDATE,28.2692,4.2504
175,TIC 388897619,CANDIDATE,28.2717,4.104
176,TIC 388897619,CANDIDATE,4.73172,1.2
177,TIC 388915104,CANDIDATE,0.78214992,1.31
178,TIC 388915104,CANDIDATE,0.782022,1.416
179,TIC 388769008,CANDIDATE,15.4769,3.528
180,TIC 396915596,CANDIDATE,6.4498648,1.63
181,TIC 396915596,CANDIDATE,6.45027,1.632
186,TIC 45545629,CANDIDATE,3.262038,2.2536
187,TIC 438102256,CANDIDATE,4.4654,7.488
188,TIC 44883470,CANDIDATE,21.140574,4.63
189,TIC 83377800,CANDIDATE,5.74372,4.2048
190,TIC 83795004,CANDIDATE,3.2923818,1.76
191,TIC 58731207,CANDIDATE,6.90487,3.5088
192,TIC 58731207,CANDIDATE,6.9055211,3.65
193,TIC 58731207,CANDIDATE,6.905053,3.8736
194,TIC 387716346,CANDIDATE,1.696374,3.7296
195,TIC 83709114,CANDIDATE,3.04622,2.5488
196,TIC 83709114,CANDIDATE,3.0459383,2.21
197,TIC 83709114,CANDIDATE,3.046136,2.52
198,TIC 195129145,CANDIDATE,3.238542,1.27
199,TIC 195129145,CANDIDATE,3.2367,1.2192
200,TIC 195129145,CANDIDATE,3.23792,1.4448
201,TIC 386624472,CANDIDATE,6.2719092,5.32
203,TIC 84453551,CANDIDATE,1.42636,2.328
204,TIC 55234285,CANDIDATE,3.979287,4.82
205,TIC 84546771,CANDIDATE,2.1417519,6.93
206,TIC 58779100,CANDIDATE,2.86136,2.16
207,TIC 284490115,CANDIDATE,3.10622,2.712
208,TIC 55265307,CANDIDATE,1.814553,3.4368
209,TIC 82928381,CANDIDATE,17.1541,8.472
210,TIC 58780846,CANDIDATE,12.1507,3.84
211,TIC 83375909,CANDIDATE,2.4343734,7.44
212,TIC 438338723,CANDIDATE,1.8490876,3.12
213,TIC 438071843,CANDIDATE,2.62077,2.112
214,TIC 438071843,CANDIDATE,2.620799,2.6184
215,TIC 438071843,CANDIDATE,2.620724,2.46
216,TIC 385594855,CANDIDATE,1.3144014,1.69
217,TIC 385594855,CANDIDATE,1.314437,
218,TIC 84442448,CANDIDATE,4.8045244,2.33
219,TIC 79517411,CANDIDATE,6.14818,3.8856
220,TIC 308490355,CANDIDATE,1.49761,2.712
221,TIC 385667471,CANDIDATE,6.4804111,2.94
222,TIC 385667471,CANDIDATE,6.479656,
223,TIC 385667471,CANDIDATE,6.48167,2.808
224,TIC 87474573,CANDIDATE,2.8445331,5.69
225,TIC 367191694,CANDIDATE,0.6687,2.16
226,TIC 337079474,CANDIDATE,13.3461,2.6568
227,TIC 307016006,CANDIDATE,4.13737,2.2368
228,TIC 307016006,CANDIDATE,4.1376047,1.75
229,TIC 430049349,CANDIDATE,2.469851,2.6592
230,TIC 284570702,CANDIDATE,0.689647,
231,TIC 284570702,CANDIDATE,0.690458,5.8896
232,TIC 445959194,CANDIDATE,4.1687922,6.61
233,TIC 58946313,CANDIDATE,21.17051,5.004
234,TIC 84599716,CANDIDATE,5.31937554,6.6913995
235,TIC 84599716,CANDIDATE,5.319075,6.756
241,TIC 45179675,CANDIDATE,6.6223,1.224
242,TIC 81729236,CANDIDATE,0.5217136,4.0152
243,TIC 323020176,CANDIDATE,11.975818,6.84
244,TIC 323020176,CANDIDATE,11.97495,6.786
245,TIC 204818444,CANDIDATE,5.9895,1.848
246,TIC 68161800,CANDIDATE,28.707623,3.61
247,TIC 68694240,CANDIDATE,15.465691,3.08
248,TIC 68694240,CANDIDATE,15.466674,
249,TIC 68694240,CANDIDATE,15.4715,3.6288
250,TIC 98181869,CANDIDATE,1.4556637,2.512
251,TIC 98181869,CANDIDATE,1.45556515,2.5488
252,TIC 98044395,CANDIDATE,3.32592848,4.655
253,TIC 98044395,CANDIDATE,3.3262396,5.81
254,TIC 98044395,CANDIDATE,3.3255,7.104
255,TIC 205337031,CANDIDATE,13.1426,5.712
256,TIC 205336474,CANDIDATE,4.47471,3.0336
257,TIC 205336474,CANDIDATE,4.474513,
258,TIC 205336474,CANDIDATE,4.4743465,2.0
259,TIC 392037308,CANDIDATE,2.1989041,6.83
260,TIC 399151893,CANDIDATE,4.1657292,2.47
262,TIC 323013113,CANDIDATE,0.2358684,0.7416
263,TIC 98468044,CANDIDATE,12.99109,1.656
264,TIC 206005802,CANDIDATE,1.7359447,2.82
265,TIC 68645284,CANDIDATE,1.8389349,1.43
266,TIC 68645284,CANDIDATE,1.83916,1.5072
267,TIC 175749098,CANDIDATE,2.032664,1.4088
268,TIC 175749098,CANDIDATE,6.11706,2.064
269,TIC 66751054,CANDIDATE,1.8590179,3.36
270,TIC 66751054,CANDIDATE,1.859017,3.21408
271,TIC 66751054,CANDIDATE,1.85872487,3.213
272,TIC 67235717,CANDIDATE,540.0,
273,TIC 67235717,CANDIDATE,,13.02
276,TIC 98094704,CANDIDATE,0.8411257,2.92
277,TIC 98088236,CANDIDATE,0.17566,
278,TIC 67086160,CANDIDATE,29.33873041,5.083
280,TIC 15288043,CANDIDATE,1.68027,2.616
281,TIC 191091959,CANDIDATE,2.54427583,2.146
282,TIC 77574118,CANDIDATE,0.7099504,2.172
287,TIC 15197395,CANDIDATE,3.400858,2.28
288,TIC 15197395,CANDIDATE,3.4007758,2.29
289,TIC 68048686,CANDIDATE,,6.5448
290,TIC 15976646,CANDIDATE,,14.664
295,TIC 15657357,CANDIDATE,28.46762,7.62
296,TIC 15657357,CANDIDATE,28.465633,7.63
298,TIC 98233820,CANDIDATE,83830.0,
299,TIC 15283600,CANDIDATE,8.79689,6.96
300,TIC 191148579,CANDIDATE,1.153886,2.7696
301,TIC 68640538,CANDIDATE,1.6398934,4.06
303,TIC 49072130,CANDIDATE,23.21037,2.4408
304,TIC 49072130,CANDIDATE,23.210585,2.05
305,TIC 437589199,CANDIDATE,1.330023,1.7352
306,TIC 48967368,CANDIDATE,50.73641,5.0328
309,TIC 12566211,CANDIDATE,46.1373,6.936
310,TIC 73125748,CANDIDATE,1.957,
311,TIC 205111658,CANDIDATE,22.6398,3.744
312,TIC 287548906,CANDIDATE,24.193613,7.54
313,TIC 204378237,CANDIDATE,2.784496,0.4656
314,TIC 50064226,CANDIDATE,0.64292573,5.977
317,TIC 9795183,CANDIDATE,10.2236,10.3992
319,TIC 72999657,CANDIDATE,2.7518,1.248
320,TIC 12629920,CANDIDATE,,20.736
321,TIC 204750233,CANDIDATE,23.277669,4.75
322,TIC 9794694,CANDIDATE,24.6842,4.968
323,TIC 13310825,CANDIDATE,2.2,
324,TIC 49915084,CANDIDATE,2.6454165,2.72
325,TIC 49915084,CANDIDATE,2.64594828,2.688
326,TIC 49508641,CANDIDATE,20.98296043,2.961
327,TIC 203063594,CANDIDATE,1.5271792,2.298
328,TIC 220604190,CANDIDATE,7.8392,3.504
330,TIC 12662204,CANDIDATE,2.32046168,2.656
331,TIC 12662204,CANDIDATE,2.320937,2.736
332,TIC 9675067,CANDIDATE,1.94297,1.4
335,TIC 9669622,CANDIDATE,0.2338108,1.92
337,TIC 73510019,CANDIDATE,46.38363,5.2368
338,TIC 73510019,CANDIDATE,46.40651,4.55
339,TIC 12727298,CANDIDATE,16.56127,4.368
340,TIC 12727298,CANDIDATE,16.563155,4.41
341,TIC 48872108,CANDIDATE,18.357773,5.13
342,TIC 48872108,CANDIDATE,18.3647,5.856
343,TIC 50176048,CANDIDATE,21.9184,2.904
344,TIC 49041158,CANDIDATE,49.8558,7.032
345,TIC 73355325,CANDIDATE,4.9818921,3.84
346,TIC 73355325,CANDIDATE,4.98205,3.92592
347,TIC 73355325,CANDIDATE,4.9815,3.828
348,TIC 73355325,CANDIDATE,4.98049071,4.087
349,TIC 73355325,CANDIDATE,4.981838,
350,TIC 48913354,CANDIDATE,3.3055191,1.14
351,TIC 48913354,CANDIDATE,3.30524,1.08
353,TIC 162786866,CANDIDATE,14.5444413,2.783
354,TIC 437486495,CANDIDATE,4.30221683,7.536
359,TIC 73060581,CANDIDATE,11.31009,4.27608
360,TIC 73060581,CANDIDATE,11.31028,4.44
361,TIC 73060986,CANDIDATE,16.63237,2.36
362,TIC 73060986,CANDIDATE,16.63091654,2.255
363,TIC 73060986,CANDIDATE,16.63311,2.34
364,TIC 49166516,CANDIDATE,1.057171,1.4712
369,TIC 49980826,CANDIDATE,0.98036126,1.14
370,TIC 49980826,CANDIDATE,0.980414,
371,TIC 49980826,CANDIDATE,0.980294,1.116
372,TIC 49980826,CANDIDATE,0.97988263,1.427
373,TIC 73827803,CANDIDATE,14.2005,3.72
374,TIC 287826852,CANDIDATE,28.8077,2.184
375,TIC 50091616,CANDIDATE,3.75927,1.608
376,TIC 204574260,CANDIDATE,2.4165066,2.4
377,TIC 204574260,CANDIDATE,2.41628,2.496
378,TIC 204574304,CANDIDATE,4.4984354,1.68
379,TIC 48960705,CANDIDATE,0.3938505,1.3128
380,TIC 410987459,CANDIDATE,2.3240489,4.04
381,TIC 52394838,CANDIDATE,1.86732,1.656
382,TIC 398378460,CANDIDATE,22.9735,3.384
384,TIC 413941417,CANDIDATE,14.658196,1.59
385,TIC 413941417,CANDIDATE,14.65835,1.548
386,TIC 52482964,CANDIDATE,6.4349,4.344
387,TIC 414150513,CANDIDATE,4.27065,1.392
388,TIC 414150513,CANDIDATE,7.64309,1.296
389,TIC 52897584,CANDIDATE,16.858,2.0592
390,TIC 52897229,CANDIDATE,2.167697,4.8744
391,TIC 414334923,CANDIDATE,19.2299,2.568
392,TIC 52901037,CANDIDATE,5.07152,2.04
393,TIC 413931133,CANDIDATE,8.1191,2.904
394,TIC 413931133,CANDIDATE,16.235,5.904
396,TIC 12822755,CANDIDATE,4.20773,2.232
397,TIC 402313506,CANDIDATE,1.1761477,1.3056
398,TIC 437700900,CANDIDATE,27.270191,7.3
399,TIC 262467679,CANDIDATE,2.475527,0.4992
400,TIC 262467679,CANDIDATE,2.4756313,0.79
401,TIC 262467679,CANDIDATE,2.475641,
402,TIC 262467679,CANDIDATE,2.475573,0.8808
403,TIC 240849748,CANDIDATE,17.7256773,1.629
404,TIC 240849748,CANDIDATE,17.72507,1.56312
405,TIC 240849748,CANDIDATE,17.725837,1.62
406,TIC 240849748,CANDIDATE,17.7259,1.752
407,TIC 335920123,CANDIDATE,54.169832,4.23
411,TIC 240810401,CANDIDATE,6.79143,2.496
412,TIC 240720796,CANDIDATE,14.353347,3.25
413,TIC 240720796,CANDIDATE,14.3533,3.264
414,TIC 240720796,CANDIDATE,14.353438,
415,TIC 240721474,CANDIDATE,1.88282,4.008
416,TIC 12688638,CANDIDATE,6.4756,3.48
417,TIC 240627401,CANDIDATE,2.31803,1.728
418,TIC 240627401,CANDIDATE,2.3181466,1.89
420,TIC 240811631,CANDIDATE,6.37733,1.584
423,TIC 240720908,CANDIDATE,0.80032756,2.0
424,TIC 206242530,CANDIDATE,8.3958,6.696
425,TIC 188509852,CANDIDATE,12.25823207,1.117
426,TIC 188509852,CANDIDATE,12.263354,1.46
427,TIC 188509852,CANDIDATE,12.26422,1.68
428,TIC 188509852,CANDIDATE,12.2631,1.2792
429,TIC 206244160,CANDIDATE,10.3631,2.592
439,TIC 425075818,CANDIDATE,9.3826,4.7112
440,TIC 425075818,CANDIDATE,9.38053,5.16
441,TIC 425075818,CANDIDATE,9.3813402,4.88
442,TIC 102179635,CANDIDATE,5.6505,2.64
443,TIC 12654380,CANDIDATE,4.23119,2.16
444,TIC 12654380,CANDIDATE,4.2304959,2.08
445,TIC 402314082,CANDIDATE,9.9487,3.648
447,TIC 145752628,CANDIDATE,4.1107634,1.31
448,TIC 206244337,CANDIDATE,1.131305,1.236
449,TIC 206244337,CANDIDATE,1.131316,0.86592
455,TIC 188570992,CANDIDATE,4.1029,5.088
456,TIC 434095095,CANDIDATE,14.454495,2.21
457,TIC 188506937,CANDIDATE,28.564994,3.92
458,TIC 188500604,CANDIDATE,5.8796123,2.53
459,TIC 188500604,CANDIDATE,5.879829,2.5296
460,TIC 188500604,CANDIDATE,5.87913354,2.427
461,TIC 188500604,CANDIDATE,5.87975,2.43792
462,TIC 188500604,CANDIDATE,5.8797,2.232
464,TIC 50230592,CANDIDATE,3.292013,1.104
465,TIC 50230592,CANDIDATE,3.2920598,1.14
466,TIC 50230592,CANDIDATE,3.291897,1.03104
467,TIC 50085270,CANDIDATE,7.4448754,1.03
468,TIC 50085270,CANDIDATE,7.445026,
469,TIC 50089360,CANDIDATE,13.8543,5.04
470,TIC 250958785,CANDIDATE,54.976021,5.9
471,TIC 50068386,CANDIDATE,2.59824,1.044
472,TIC 38207353,CANDIDATE,2.573088,2.214
473,TIC 38207353,CANDIDATE,2.5730187,2.67
474,TIC 38136597,CANDIDATE,37.827,3.408
475,TIC 38211474,CANDIDATE,0.35840528,0.63
476,TIC 38211474,CANDIDATE,0.358378,
477,TIC 38211474,CANDIDATE,0.3584061,0.984
478,TIC 36576160,CANDIDATE,0.80858305,2.199
479,TIC 39951505,CANDIDATE,4.00932,1.896
480,TIC 38258419,CANDIDATE,20.6714,2.472
481,TIC 39999794,CANDIDATE,,5.592
482,TIC 39999794,CANDIDATE,,10.704
483,TIC 36709376,CANDIDATE,0.3674645,0.8376
484,TIC 36709376,CANDIDATE,0.36747226,0.69
485,TIC 36709376,CANDIDATE,0.367473,
486,TIC 36709376,CANDIDATE,0.367453,
487,TIC 251004107,CANDIDATE,6.57986525,1.225
488,TIC 38136950,CANDIDATE,3.59912,1.67712
489,TIC 38136950,CANDIDATE,3.5990666,1.78
490,TIC 38136950,CANDIDATE,3.59905,
491,TIC 38136950,CANDIDATE,3.59922,1.896
492,TIC 36578206,CANDIDATE,5.01038,0.8376
496,TIC 38355468,CANDIDATE,0.62309386,0.57
497,TIC 38355468,CANDIDATE,3.11594,0.984
498,TIC 50129964,CANDIDATE,11.63547,2.304
499,TIC 38298843,CANDIDATE,1.982116,1.6032
500,TIC 250973122,CANDIDATE,36.9321,6.1032
502,TIC 251003731,CANDIDATE,8.4532,3.48
503,TIC 205829973,CANDIDATE,0.4348359,0.73
504,TIC 205829973,CANDIDATE,0.434832,0.8952
505,TIC 205829973,CANDIDATE,0.434827,
506,TIC 38355889,CANDIDATE,4.31444335,7.132
507,TIC 40001194,CANDIDATE,1.53402,
508,TIC 40001194,CANDIDATE,1.5339666,1.04
509,TIC 250956584,CANDIDATE,0.3176828,0.8184
515,TIC 250956642,CANDIDATE,10.49927,2.784
516,TIC 40001322,CANDIDATE,5.23189,2.28
517,TIC 50181299,CANDIDATE,1.13666,1.248
518,TIC 250971988,CANDIDATE,12.4404,3.984
519,TIC 250971988,CANDIDATE,1.49462,1.848
520,TIC 250956798,CANDIDATE,2.018725,2.2344
521,TIC 2024257567,CANDIDATE,23.8039,2.58
522,TIC 38154097,CANDIDATE,3.47722,2.088
523,TIC 40001824,CANDIDATE,0.442185,1.56
524,TIC 40001824,CANDIDATE,0.44214967,1.06
525,TIC 40001824,CANDIDATE,0.442094,
526,TIC 176106162,CANDIDATE,18.406118,12.04
527,TIC 176106162,CANDIDATE,18.415126,
528,TIC 125248731,CANDIDATE,10.4404,
529,TIC 250321939,CANDIDATE,27.837146,7.4
530,TIC 250314667,CANDIDATE,12.19649,1.9272
531,TIC 439837578,CANDIDATE,8.15306759,4.477
532,TIC 439856939,CANDIDATE,2.2021868,6.27
533,TIC 439850033,CANDIDATE,20.3997,1.6488
534,TIC 439850033,CANDIDATE,20.398071,
535,TIC 439850033,CANDIDATE,20.398147,2.07
536,TIC 439861938,CANDIDATE,17.80345864,3.201
537,TIC 439861938,CANDIDATE,17.812866,3.16
538,TIC 439861938,CANDIDATE,17.81188,3.12
539,TIC 387141176,CANDIDATE,2.931226,4.74888
541,TIC 55265311,CANDIDATE,1.81449,2.592
542,TIC 331872038,CANDIDATE,22.4844,6.69096
543,TIC 238586172,CANDIDATE,3.47323986,4.3731099
544,TIC 238586172,CANDIDATE,3.47451,4.2
545,TIC 426586437,CANDIDATE,0.369181,0.7392
546,TIC 83017021,CANDIDATE,6.71694,3.37992
547,TIC 242990922,CANDIDATE,3.951971,
548,TIC 348667600,CANDIDATE,11.3256,4.8
549,TIC 435332935,CANDIDATE,2.9237,1.488
550,TIC 348667759,CANDIDATE,14.08549,6.36192
551,TIC 243011824,CANDIDATE,15.0818,3.192
552,TIC 243011824,CANDIDATE,3.16363,1.752
558,TIC 435904279,CANDIDATE,23.9683,
559,TIC 242994397,CANDIDATE,19.860476,
560,TIC 242994397,CANDIDATE,19.8606,3.888
561,TIC 434260570,CANDIDATE,4.72048948,1.8235215
562,TIC 434260570,CANDIDATE,4.72046,1.8168
563,TIC 435880130,CANDIDATE,1.1430018,4.654
564,TIC 242993941,CANDIDATE,3.74234,1.872
565,TIC 242988068,CANDIDATE,24.2747,1.272
568,TIC 435913263,CANDIDATE,7.46967,1.656
569,TIC 243030574,CANDIDATE,2.165976,1.5264
570,TIC 243030574,CANDIDATE,2.16594452,2.085
571,TIC 242982776,CANDIDATE,14.2683,
572,TIC 242982776,CANDIDATE,14.26763,3.624
573,TIC 242982776,CANDIDATE,14.27669647,4.457
574,TIC 243008817,CANDIDATE,4.86406,
575,TIC 243008817,CANDIDATE,4.86496,1.272
576,TIC 435298056,CANDIDATE,15.97700259,4.926
577,TIC 434165964,CANDIDATE,3.7342439,5.736
578,TIC 434165964,CANDIDATE,3.73478175,5.781
579,TIC 673674372,CANDIDATE,0.5670195,0.9624
580,TIC 673674372,CANDIDATE,0.567055,
581,TIC 434133200,CANDIDATE,14.14459,15.0288
582,TIC 434133200,CANDIDATE,14.145239,
583,TIC 243017567,CANDIDATE,2.38669,0.8904
584,TIC 243017567,CANDIDATE,2.386772,1.08
585,TIC 435305058,CANDIDATE,43.36143,6.84
586,TIC 59004498,CANDIDATE,27.353103,
587,TIC 434129836,CANDIDATE,2.35771,0.3504
588,TIC 434129836,CANDIDATE,2.357651,0.8352
589,TIC 435334561,CANDIDATE,27.9329,3.24
590,TIC 435279642,CANDIDATE,3.72007,1.224
591,TIC 242942524,CANDIDATE,1.396291,1.00104
592,TIC 242942524,CANDIDATE,1.39657671,1.586
593,TIC 25958209,CANDIDATE,31.3537,5.016
594,TIC 25958209,CANDIDATE,14.8484,3.6
595,TIC 25958209,CANDIDATE,10.0696,3.096
596,TIC 26055820,CANDIDATE,3.65017,1.272
597,TIC 26055820,CANDIDATE,3.6494,
598,TIC 26055820,CANDIDATE,5.7663,
599,TIC 26055820,CANDIDATE,5.76808,1.8
600,TIC 26055820,CANDIDATE,7.98221,
601,TIC 26055820,CANDIDATE,7.98471,1.92
602,TIC 14160396,CANDIDATE,5.1718,
603,TIC 440724659,CANDIDATE,5.7408,
604,TIC 113953280,CANDIDATE,29.0529,
612,TIC 15932677,CANDIDATE,1.436756,2.556
613,TIC 15932677,CANDIDATE,1.43689647,2.367
614,TIC 113921235,CANDIDATE,59.848566,
615,TIC 113921235,CANDIDATE,59.84871,4.284
616,TIC 14228017,CANDIDATE,11.376,3.432
617,TIC 14228017,CANDIDATE,11.37698,
619,TIC 26054964,CANDIDATE,0.8925,1.992
620,TIC 440687872,CANDIDATE,14.7619,2.688
621,TIC 440687872,CANDIDATE,14.7582,
623,TIC 440699530,CANDIDATE,0.7041655,1.775
624,TIC 14080244,CANDIDATE,1.93426,2.184
625,TIC 14080244,CANDIDATE,3.43827,0.8016
626,TIC 61141802,CANDIDATE,18.03895153,6.304
627,TIC 14230289,CANDIDATE,2.41040731,1.847
628,TIC 14230289,CANDIDATE,2.410271,1.84704
629,TIC 440687177,CANDIDATE,1.6865884,4.923
630,TIC 61145203,CANDIDATE,8.4044,2.256
631,TIC 440727989,CANDIDATE,1.1829266,2.1168
632,TIC 61116662,CANDIDATE,20.5949,
633,TIC 61116662,CANDIDATE,20.600656,3.9
635,TIC 440695298,CANDIDATE,56.6205,5.736
636,TIC 15935339,CANDIDATE,1.702301,2.53896
637,TIC 14226699,CANDIDATE,0.349935,
638,TIC 14226699,CANDIDATE,0.3499146,1.9032
639,TIC 26078330,CANDIDATE,4.27681,2.808
640,TIC 26078330,CANDIDATE,13.16121,4.056
641,TIC 26078330,CANDIDATE,21.0858,4.728
642,TIC 26078330,CANDIDATE,30.2894,5.256
643,TIC 26078330,CANDIDATE,1.82876,2.352
644,TIC 26078343,CANDIDATE,7.1149,
645,TIC 61113635,CANDIDATE,3.347872,3.7248
646,TIC 14334541,CANDIDATE,1.31982263,1.588
647,TIC 14110700,CANDIDATE,3.32257,1.656
648,TIC 56621708,CANDIDATE,,7.176
650,TIC 149923858,CANDIDATE,,6.792
651,TIC 149923858,CANDIDATE,28.29213,4.464
653,TIC 149907584,CANDIDATE,14.643071,
654,TIC 302545802,CANDIDATE,18.8652,3.936
655,TIC 23076555,CANDIDATE,7.434876,1.4736
656,TIC 427740976,CANDIDATE,2.349515,
657,TIC 427740976,CANDIDATE,2.34951024,2.432
658,TIC 427740976,CANDIDATE,2.3494907,2.66
659,TIC 427740976,CANDIDATE,2.349545,2.712
660,TIC 427740976,CANDIDATE,2.349455,2.1
661,TIC 84336349,CANDIDATE,0.2990737,0.5256
662,TIC 348723705,CANDIDATE,16.43831081,4.389
663,TIC 125757123,CANDIDATE,5.88165,3.528
664,TIC 459056070,CANDIDATE,11.55059,
665,TIC 459056070,CANDIDATE,0.19785,
666,TIC 444013500,CANDIDATE,6.423,4.88496
667,TIC 458686969,CANDIDATE,3.139404,4.3
668,TIC 458686969,CANDIDATE,3.1393698,3.998
669,TIC 458686969,CANDIDATE,3.1393226,
670,TIC 366409685,CANDIDATE,1.385246,0.8808
671,TIC 366409685,CANDIDATE,1.38517136,0.8604094
672,TIC 366499151,CANDIDATE,13.8240078,3.512
673,TIC 366499151,CANDIDATE,13.8253157,
674,TIC 468984101,CANDIDATE,22.194346,4.8
675,TIC 366500350,CANDIDATE,1.72397,1.488
676,TIC 366657411,CANDIDATE,17.178,2.45208
677,TIC 366484561,CANDIDATE,5.409,2.34408
678,TIC 366443576,CANDIDATE,4.9898664,1.037
679,TIC 366443576,CANDIDATE,4.99,0.86208
680,TIC 444034296,CANDIDATE,0.22181,
681,TIC 437031055,CANDIDATE,44.13,4.63488
682,TIC 366622585,CANDIDATE,14.448767,3.7488
683,TIC 366622585,CANDIDATE,14.4518248,3.628
684,TIC 366622585,CANDIDATE,14.449,0.59496
685,TIC 366622585,CANDIDATE,14.448987,3.7632
686,TIC 444010408,CANDIDATE,0.46395,
687,TIC 444010408,CANDIDATE,0.46395,
688,TIC 444010408,CANDIDATE,0.463954,0.9888
689,TIC 366528275,CANDIDATE,5.264,4.18488
690,TIC 443996667,CANDIDATE,1.529084,2.1936
691,TIC 396847085,CANDIDATE,2.084,1.95504
692,TIC 396847085,CANDIDATE,4.166738,2.7312
693,TIC 443970567,CANDIDATE,1.567,1.74792
694,TIC 443970567,CANDIDATE,1.56706496,2.144
695,TIC 443970567,CANDIDATE,1.56699,2.112
696,TIC 437026476,CANDIDATE,7.757595,
697,TIC 458686504,CANDIDATE,4.8718955,
698,TIC 458686504,CANDIDATE,4.8717993,4.125
699,TIC 458686504,CANDIDATE,4.871902,4.6
700,TIC 323658556,CANDIDATE,8.514184,11.0
702,TIC 323492710,CANDIDATE,16.168833,3.1944
704,TIC 437026363,CANDIDATE,36.0861607,
705,TIC 437026363,CANDIDATE,36.109,3.192
707,TIC 458655713,CANDIDATE,9.967689,4.3
710,TIC 468988377,CANDIDATE,3.25182,2.7192
711,TIC 21245173,CANDIDATE,5.032134,8.5992
712,TIC 21245173,CANDIDATE,5.03207,
713,TIC 458655766,CANDIDATE,6.45795,1.032
715,TIC 21184505,CANDIDATE,5.176243,
716,TIC 21184505,CANDIDATE,5.176,1.04904
718,TIC 21221785,CANDIDATE,1.610911,1.0704
719,TIC 21221785,CANDIDATE,1.61092,
720,TIC 21221785,CANDIDATE,1.610888,1.2048
721,TIC 21221785,CANDIDATE,1.611,1.05888
722,TIC 21221785,CANDIDATE,2.177846,1.2888
723,TIC 21221785,CANDIDATE,2.178008,1.2768
724,TIC 21221785,CANDIDATE,2.17807,
725,TIC 21221785,CANDIDATE,4.96883,
726,TIC 21221785,CANDIDATE,4.96792,1.296
727,TIC 21221785,CANDIDATE,6.26561,1.512
728,TIC 21221785,CANDIDATE,3.28963,2.04
732,TIC 46384262,CANDIDATE,0.93346092,2.338
735,TIC 46305284,CANDIDATE,5.81861,3.888
737,TIC 321287850,CANDIDATE,4.332837,2.4
738,TIC 20444600,CANDIDATE,1.1524,
739,TIC 437045133,CANDIDATE,20.486455,2.0
740,TIC 293462073,CANDIDATE,18.645046,5.0592
741,TIC 293462073,CANDIDATE,18.6393,5.64
742,TIC 293462073,CANDIDATE,18.641,5.22
743,TIC 293462073,CANDIDATE,18.634179,
744,TIC 6992156,CANDIDATE,5.19287,2.472
745,TIC 6992156,CANDIDATE,3.39934,2.184
747,TIC 46384144,CANDIDATE,12.17682,2.9
752,TIC 437054922,CANDIDATE,7.07737,3.072
755,TIC 186817940,CANDIDATE,6.3508198,
757,TIC 293376547,CANDIDATE,0.635328,1.3032
758,TIC 357245718,CANDIDATE,16.24196986,4.391
761,TIC 437041827,CANDIDATE,2.047195,1.8936
762,TIC 27629918,CANDIDATE,24.4472,6.36
763,TIC 21245633,CANDIDATE,10.542179,3.3
764,TIC 437054764,CANDIDATE,20.35507391,3.5018936
765,TIC 437054764,CANDIDATE,20.358748,3.5904
766,TIC 437054764,CANDIDATE,20.35919,3.6504
767,TIC 437054764,CANDIDATE,20.359,2.93808
768,TIC 437054764,CANDIDATE,20.35954,
770,TIC 6997053,CANDIDATE,5.31471,1.896
771,TIC 330621757,CANDIDATE,3.84981,3.36
775,TIC 321287452,CANDIDATE,2.126953,1.416
777,TIC 386617915,CANDIDATE,20.2244,4.176
779,TIC 20536788,CANDIDATE,42.3822512,
780,TIC 20536788,CANDIDATE,41.9,
783,TIC 330693022,CANDIDATE,9.81881482,3.206
784,TIC 293379254,CANDIDATE,1.518232,3.0816
785,TIC 46299496,CANDIDATE,1.63013,2.2848
786,TIC 330637910,CANDIDATE,2.00745283,0.9340475
787,TIC 330637910,CANDIDATE,2.007472,0.9048
788,TIC 6992808,CANDIDATE,37.4059,3.84
789,TIC 46364379,CANDIDATE,3.544965,1.464
791,TIC 408826742,CANDIDATE,34.023,3.0
793,TIC 7020982,CANDIDATE,10.39528014,4.442
794,TIC 437055818,CANDIDATE,11.00357542,1.503
795,TIC 437055818,CANDIDATE,11.007537,1.5408
796,TIC 60285925,CANDIDATE,9.0102,4.872
797,TIC 60285925,CANDIDATE,9.01258853,3.639
798,TIC 330691943,CANDIDATE,35.383,3.09408
799,TIC 330691943,CANDIDATE,35.3972,4.68
801,TIC 437055868,CANDIDATE,26.0,
805,TIC 257217518,CANDIDATE,37.24703,4.9296
806,TIC 257217518,CANDIDATE,37.246869,
809,TIC 437042281,CANDIDATE,1.882213,0.9648
812,TIC 46362146,CANDIDATE,1.8554,2.8008
814,TIC 46362153,CANDIDATE,1.855827,3.0168
815,TIC 21222860,CANDIDATE,15.7512,2.568
816,TIC 46362156,CANDIDATE,1.855421,5.6832
822,TIC 46256423,CANDIDATE,5.513327,0.9264
824,TIC 330690093,CANDIDATE,0.53027,1.0632
827,TIC 27682121,CANDIDATE,20.9913,2.928
828,TIC 337648770,CANDIDATE,23.897707,1.4832
829,TIC 337648770,CANDIDATE,23.89959502,2.0395157
831,TIC 20483642,CANDIDATE,23.5306712,
832,TIC 60256710,CANDIDATE,10.6741,3.768
833,TIC 60256710,CANDIDATE,10.673,3.43608
834,TIC 46309013,CANDIDATE,3.78795,1.6512
838,TIC 46362325,CANDIDATE,1.855516,4.0752
840,TIC 333801043,CANDIDATE,4.894289,2.1048
841,TIC 437043882,CANDIDATE,12.601781,3.4
842,TIC 293496731,CANDIDATE,6.96350934,2.189
843,TIC 27635603,CANDIDATE,0.769057,
844,TIC 46260231,CANDIDATE,1.91828,
850,TIC 46378204,CANDIDATE,15.462807,4.0
852,TIC 437043712,CANDIDATE,5.51633,1.92
853,TIC 27651759,CANDIDATE,0.36091387,1.692
855,TIC 337647366,CANDIDATE,4.746159,2.9
856,TIC 337647366,CANDIDATE,4.7464962,
857,TIC 337647366,CANDIDATE,4.7464485,2.408
858,TIC 21224455,CANDIDATE,8.952623,2.6
859,TIC 21223416,CANDIDATE,1.99043,
860,TIC 21223416,CANDIDATE,1.990422,2.0736
861,TIC 21223416,CANDIDATE,1.99067602,1.862
863,TIC 21337019,CANDIDATE,8.658168,
864,TIC 21337019,CANDIDATE,8.658143,1.6968
865,TIC 21337019,CANDIDATE,8.657975,0.984
866,TIC 21337019,CANDIDATE,8.65871336,1.56
867,TIC 21337019,CANDIDATE,8.658,1.098
868,TIC 21288020,CANDIDATE,14.5616,3.144
871,TIC 293459807,CANDIDATE,2.787663,0.7464
874,TIC 437042880,CANDIDATE,13.798845,3.0
875,TIC 284850530,CANDIDATE,3.41052823,2.124
876,TIC 284850530,CANDIDATE,3.41065,1.944
878,TIC 21220097,CANDIDATE,1.56493,
879,TIC 21220097,CANDIDATE,1.56494,0.6672
882,TIC 21337940,CANDIDATE,7.5587,2.5
883,TIC 21337940,CANDIDATE,25.43143,2.8
886,TIC 27549827,CANDIDATE,27.693,6.34296
887,TIC 21337864,CANDIDATE,7.13142,1.92
888,TIC 21337864,CANDIDATE,7.134,1.83888
889,TIC 6953394,CANDIDATE,3.57804902,4.905
890,TIC 7059194,CANDIDATE,12.89398,1.2
891,TIC 20497205,CANDIDATE,1.89016107,2.224
892,TIC 20497205,CANDIDATE,1.88993,1.656
893,TIC 333801563,CANDIDATE,1.64117466,1.337
894,TIC 333801563,CANDIDATE,1.640707,2.208
895,TIC 20497187,CANDIDATE,19.53405,
896,TIC 20497187,CANDIDATE,19.53403,1.2888
897,TIC 46298321,CANDIDATE,1.106175,
898,TIC 46298321,CANDIDATE,1.106,0.99408
899,TIC 46298321,CANDIDATE,1.10605213,1.289
900,TIC 46298321,CANDIDATE,1.106182,0.0
905,TIC 21223810,CANDIDATE,3.383,3.72096
906,TIC 21223810,CANDIDATE,3.38199819,5.484
909,TIC 46307587,CANDIDATE,3.607981,2.7384
910,TIC 46307587,CANDIDATE,3.6079902,2.999
911,TIC 293366865,CANDIDATE,15.405101,2.8128
914,TIC 7059061,CANDIDATE,2.176955,0.54
915,TIC 7059061,CANDIDATE,2.17693,
923,TIC 186814739,CANDIDATE,0.95017067,2.581
924,TIC 20484508,CANDIDATE,1.53453,
927,TIC 330635825,CANDIDATE,20.893526,7.7016
929,TIC 46259496,CANDIDATE,10.545,3.25896
930,TIC 186814898,CANDIDATE,12.0808,2.28
935,TIC 82508808,CANDIDATE,0.45220131,0.5773712
936,TIC 82508808,CANDIDATE,0.4520313,0.7272
940,TIC 331986832,CANDIDATE,11.09226,2.9
941,TIC 332025516,CANDIDATE,2.61299,6.6624
942,TIC 197247443,CANDIDATE,8.97146,2.6064
944,TIC 386891333,CANDIDATE,19.640123,
945,TIC 386891333,CANDIDATE,19.63975,1.4184
946,TIC 386891333,CANDIDATE,19.640151,2.184
947,TIC 386891333,CANDIDATE,19.64,1.42992
948,TIC 386891333,CANDIDATE,19.63366256,2.331
949,TIC 184913989,CANDIDATE,10.90364,2.4
950,TIC 203253674,CANDIDATE,0.995061,2.6448
951,TIC 14677590,CANDIDATE,11.2362,1.176
952,TIC 175241633,CANDIDATE,5.749481,
953,TIC 175241633,CANDIDATE,5.75,1.25496
954,TIC 175241633,CANDIDATE,5.75052,1.44
955,TIC 175291050,CANDIDATE,1.648932,0.576
956,TIC 175291050,CANDIDATE,1.6488,
957,TIC 307678062,CANDIDATE,24.399869,
958,TIC 184914053,CANDIDATE,2.52,12.35496
961,TIC 178277857,CANDIDATE,9.35739,1.68
962,TIC 175291001,CANDIDATE,1.810718,2.4048
964,TIC 175240357,CANDIDATE,1.81042,3.7056
965,TIC 175261801,CANDIDATE,1.810834,2.844
966,TIC 197241396,CANDIDATE,24.6237203,
974,TIC 14568606,CANDIDATE,8.841,1.752
975,TIC 197192372,CANDIDATE,45.38331501,5.429
977,TIC 195192253,CANDIDATE,3.476642,2.5392
978,TIC 195192253,CANDIDATE,3.4766506,2.5848
979,TIC 195192253,CANDIDATE,3.476633,
980,TIC 195192253,CANDIDATE,3.47701312,2.646
981,TIC 195192253,CANDIDATE,3.477,2.20488
983,TIC 178278676,CANDIDATE,,9.9312
984,TIC 178278676,CANDIDATE,39.5438,7.992
985,TIC 178278676,CANDIDATE,,12.696
986,TIC 178278676,CANDIDATE,26.8662,8.52
987,TIC 175290867,CANDIDATE,5.781853,
988,TIC 175290867,CANDIDATE,5.7837,4.2
989,TIC 175290867,CANDIDATE,5.78,3.138
991,TIC 14433733,CANDIDATE,19.729071,2.7
1004,TIC 14635246,CANDIDATE,29.724674,3.8
1008,TIC 175194992,CANDIDATE,7.220537,4.1136
1010,TIC 203287539,CANDIDATE,10.55632,
1011,TIC 203287539,CANDIDATE,10.55532,1.68
1012,TIC 203287539,CANDIDATE,10.555,1.30704
1015,TIC 175265769,CANDIDATE,1.092845,1.6248
1016,TIC 175262084,CANDIDATE,1.092673,1.3056
1018,TIC 82330323,CANDIDATE,0.907765,0.0
1019,TIC 386908047,CANDIDATE,17.04066667,2.26
1020,TIC 386908047,CANDIDATE,17.035203,2.508
1021,TIC 203281736,CANDIDATE,63.8432,4.944
1022,TIC 203281736,CANDIDATE,63.84825,
1023,TIC 14602163,CANDIDATE,8.986,0.00192
1024,TIC 14602163,CANDIDATE,8.986648,
1025,TIC 184898467,CANDIDATE,0.279258,
1026,TIC 82325163,CANDIDATE,32.576,4.25304
1027,TIC 82325163,CANDIDATE,32.5795,5.088
1028,TIC 386890582,CANDIDATE,1.744546,3.924
1030,TIC 195193560,CANDIDATE,74.8,
1031,TIC 14676965,CANDIDATE,6.83292,2.208
1040,TIC 178245471,CANDIDATE,3.697161,3.3528
1042,TIC 243246389,CANDIDATE,23.702342,5.424
1043,TIC 178268711,CANDIDATE,2.714743,1.6
1044,TIC 203214138,CANDIDATE,5.169887,1.5504
1045,TIC 203214138,CANDIDATE,5.1698931,1.972
1048,TIC 203287192,CANDIDATE,4.445559,3.6312
1049,TIC 203287192,CANDIDATE,4.4455516,4.081
1050,TIC 195183319,CANDIDATE,23.917716,1.7208
1051,TIC 203214117,CANDIDATE,2.783705,1.272
1053,TIC 195187524,CANDIDATE,9.375266,2.8
1055,TIC 178270522,CANDIDATE,0.986765,3.336
1059,TIC 175235241,CANDIDATE,0.82182448,0.691
1060,TIC 175235241,CANDIDATE,0.8218241,1.1256
1061,TIC 175235241,CANDIDATE,0.822,0.81408
1063,TIC 203287069,CANDIDATE,14.220246,3.4848
1074,TIC 14675072,CANDIDATE,1.466473,2.5488
1075,TIC 178266267,CANDIDATE,7.11047482,3.434
1076,TIC 178266267,CANDIDATE,7.112,2.65104
1077,TIC 178266267,CANDIDATE,7.112273,3.1296
1078,TIC 178266267,CANDIDATE,7.1123965,2.361
1079,TIC 178266267,CANDIDATE,7.112134,2.5104
1083,TIC 203252180,CANDIDATE,20.016917,2.4144
1087,TIC 332023536,CANDIDATE,5.17518,3.288
1088,TIC 14603150,CANDIDATE,9.73605539,3.673
1089,TIC 195191027,CANDIDATE,2.22645,1.728
1090,TIC 195191027,CANDIDATE,2.226,1.67904
1091,TIC 14570132,CANDIDATE,3.209185,0.84
1092,TIC 14570132,CANDIDATE,3.209149,
1093,TIC 14570132,CANDIDATE,3.2092032,0.719
1094,TIC 14570132,CANDIDATE,3.209,0.72504
1095,TIC 178248086,CANDIDATE,2.91825,2.208
1096,TIC 178248086,CANDIDATE,2.918,1.914
1097,TIC 178269359,CANDIDATE,0.898344,1.4016
1098,TIC 178269359,CANDIDATE,0.898,0.95808
1099,TIC 178269359,CANDIDATE,0.898312,0.0
1100,TIC 178269359,CANDIDATE,0.898216,
1101,TIC 178269359,CANDIDATE,0.89803906,1.611
1102,TIC 801264959,CANDIDATE,6.676,2.27304
1104,TIC 197217588,CANDIDATE,0.545702,1.9152
1105,TIC 178220228,CANDIDATE,4.70751,2.928
1109,TIC 175193677,CANDIDATE,15.61136333,3.2002615
1110,TIC 175193677,CANDIDATE,15.613426,3.0144
1114,TIC 126314157,CANDIDATE,1.17715,3.924
1116,TIC 117278832,CANDIDATE,1.190316,3.2592
1120,TIC 117357458,CANDIDATE,6.924808,2.8536
1122,TIC 117278634,CANDIDATE,1.190354,3.924
1126,TIC 117380199,CANDIDATE,5.190254,3.1608
1127,TIC 117414451,CANDIDATE,11.480611,11.0
1129,TIC 117354651,CANDIDATE,1.095841,1.9104
1130,TIC 437331306,CANDIDATE,1.717,6.192
1131,TIC 437331306,CANDIDATE,0.7165461,1.7496
1132,TIC 287028219,CANDIDATE,12.426,4.92312
1133,TIC 203378677,CANDIDATE,16.715029,1.8
1134,TIC 392467438,CANDIDATE,2.76294135,2.758
1141,TIC 335040757,CANDIDATE,1.225,9.01608
1142,TIC 422290347,CANDIDATE,0.595621,
1143,TIC 405676235,CANDIDATE,1.605718,1.5144
1144,TIC 346038323,CANDIDATE,6.669,4.98408
1145,TIC 335696950,CANDIDATE,17.788652,2.8104
1146,TIC 422327208,CANDIDATE,12.9348816,2.064
1147,TIC 422327208,CANDIDATE,12.93562,2.2296
1148,TIC 422327208,CANDIDATE,51.735,2.664
1149,TIC 405680435,CANDIDATE,34.144,7.92312
1150,TIC 405680435,CANDIDATE,34.1365,9.192
1151,TIC 346038506,CANDIDATE,3.56467,1.848
1152,TIC 290055205,CANDIDATE,21.0791,3.528
1153,TIC 386767605,CANDIDATE,4.174,1.86288
1154,TIC 386767605,CANDIDATE,4.17458,1.968
1155,TIC 290058804,CANDIDATE,15.9489,5.64
1156,TIC 335103607,CANDIDATE,2.55068936,7.155
1157,TIC 335103607,CANDIDATE,2.548,4.90296
1158,TIC 335103599,CANDIDATE,2.55234671,5.966
1159,TIC 335103599,CANDIDATE,2.549,3.83304
1160,TIC 392466752,CANDIDATE,2.500285,5.7
1161,TIC 357512769,CANDIDATE,0.6962935,0.7944
1162,TIC 335010092,CANDIDATE,22.446,3.48
1163,TIC 357446982,CANDIDATE,26.143,4.488
1164,TIC 357446982,CANDIDATE,26.147,4.34112
1165,TIC 189677517,CANDIDATE,14.452,2.958
1166,TIC 189677517,CANDIDATE,36.152,5.31696
1167,TIC 297149214,CANDIDATE,6.16596,
1168,TIC 422349843,CANDIDATE,46.4221,6.744
1169,TIC 422349843,CANDIDATE,46.423,6.59112
1170,TIC 357494741,CANDIDATE,1.852487,2.52
1171,TIC 335009833,CANDIDATE,3.746332,1.9
1172,TIC 335103137,CANDIDATE,28.24765,13.9752
1173,TIC 357514459,CANDIDATE,25.3606,4.656
1174,TIC 357447277,CANDIDATE,15.7086,3.648
1175,TIC 357447277,CANDIDATE,9.886,3.168
1178,TIC 297146115,CANDIDATE,12.0156,5.4
1179,TIC 297146115,CANDIDATE,12.012,5.16192
1180,TIC 405675224,CANDIDATE,0.946,1.32408
1181,TIC 405675224,CANDIDATE,0.946033,1.632
1182,TIC 405675224,CANDIDATE,0.94599529,1.703
1183,TIC 422349623,CANDIDATE,2.667929,2.0904
1184,TIC 405675181,CANDIDATE,0.531704,1.5912
1185,TIC 405675181,CANDIDATE,0.531684,1.776
1186,TIC 405675181,CANDIDATE,1.063,1.31592
1187,TIC 357494933,CANDIDATE,24.006249,3.5
1188,TIC 404422809,CANDIDATE,1.115485,1.5792
1189,TIC 404422809,CANDIDATE,1.115,1.56192
1190,TIC 404422809,CANDIDATE,1.11562824,1.161
1191,TIC 404422809,CANDIDATE,1.115563,2.04
1192,TIC 335699506,CANDIDATE,24.482,8.016
1193,TIC 335699506,CANDIDATE,24.462656,8.4912
1194,TIC 392466042,CANDIDATE,0.77923,
1195,TIC 392466042,CANDIDATE,0.779,0.66
1196,TIC 385433521,CANDIDATE,12.666,3.51
1197,TIC 294268997,CANDIDATE,0.876,7.37208
1198,TIC 347754632,CANDIDATE,3.26945,0.96
1199,TIC 347754632,CANDIDATE,3.269,0.966
1200,TIC 335639322,CANDIDATE,4.07337,2.76
1201,TIC 347808666,CANDIDATE,21.6768,4.872
1202,TIC 347808666,CANDIDATE,21.677,4.53408
1203,TIC 308180325,CANDIDATE,6.80213,1.272
1204,TIC 287346191,CANDIDATE,6.883,5.53104
1205,TIC 287346191,CANDIDATE,6.88385,7.584
1207,TIC 297146957,CANDIDATE,15.381,2.18688
1208,TIC 297146957,CANDIDATE,15.3866,2.4
1209,TIC 405674574,CANDIDATE,11.52898,1.488
1210,TIC 290039692,CANDIDATE,3.44791,1.632
1211,TIC 422348973,CANDIDATE,14.4307,3.0
1212,TIC 404422257,CANDIDATE,8.12088,3.48
1213,TIC 404422257,CANDIDATE,8.121,3.39792
1214,TIC 392509341,CANDIDATE,13.479,2.83992
1215,TIC 392509341,CANDIDATE,13.485,2.88
1216,TIC 392509341,CANDIDATE,13.484958,
1217,TIC 345985861,CANDIDATE,17.732736,8.7
1218,TIC 678806,CANDIDATE,1.096473,3.768
1219,TIC 187273811,CANDIDATE,4.162764,1.5504
1220,TIC 678699,CANDIDATE,13.7043,4.272
1221,TIC 179022719,CANDIDATE,13.52475,
1222,TIC 179022719,CANDIDATE,13.524,2.31408
1223,TIC 179022719,CANDIDATE,13.52583,2.76
1224,TIC 178973368,CANDIDATE,14.311,1.96008
1225,TIC 179019702,CANDIDATE,21.379793,5.5
1226,TIC 270486211,CANDIDATE,8.853025,4.2192
1227,TIC 270486211,CANDIDATE,8.853,3.534
1228,TIC 270486211,CANDIDATE,8.85007649,4.384
1229,TIC 678621,CANDIDATE,2.58166013,1.911
1230,TIC 678621,CANDIDATE,2.581467,1.6896
1231,TIC 678621,CANDIDATE,2.581,1.51008
1234,TIC 2619799,CANDIDATE,14.069,3.02304
1235,TIC 2619799,CANDIDATE,14.069121,2.9904
1236,TIC 2619799,CANDIDATE,14.07277587,3.004
1237,TIC 2619799,CANDIDATE,14.069759,
1238,TIC 2619799,CANDIDATE,14.06928,3.0048
1239,TIC 134978629,CANDIDATE,18.155653,3.5904
1240,TIC 134968281,CANDIDATE,6.373,1.902
1241,TIC 707724,CANDIDATE,3.021944,2.0304
1242,TIC 707724,CANDIDATE,3.02164122,1.736
1243,TIC 707724,CANDIDATE,3.021795,0.0
1244,TIC 270486112,CANDIDATE,7.78608,2.472
1245,TIC 270486112,CANDIDATE,7.785227,
1246,TIC 270486112,CANDIDATE,7.785,1.56792
1247,TIC 270486112,CANDIDATE,7.783286,1.26
1257,TIC 2535051,CANDIDATE,,3.576
1258,TIC 774688,CANDIDATE,4.545,1.04688
1259,TIC 774688,CANDIDATE,4.54462,1.512
1260,TIC 196681132,CANDIDATE,0.72436144,1.238
1261,TIC 668643,CANDIDATE,12.346663,4.6
1262,TIC 134981907,CANDIDATE,31.4782,4.488
1263,TIC 2705974,CANDIDATE,6.02226,2.088
1269,TIC 179033276,CANDIDATE,2.85177,
1270,TIC 179033276,CANDIDATE,2.851702,0.864
1271,TIC 196684473,CANDIDATE,11.090822,4.1
1272,TIC 178925813,CANDIDATE,13.83851,1.4952
1273,TIC 178925813,CANDIDATE,13.843,1.54992
1274,TIC 178925813,CANDIDATE,13.843725,
1275,TIC 178925813,CANDIDATE,13.843678,1.7688
1276,TIC 2712931,CANDIDATE,0.32814902,1.006
1277,TIC 2712931,CANDIDATE,0.984,0.68208
1278,TIC 2712931,CANDIDATE,0.32815384,1.2048
1279,TIC 2712931,CANDIDATE,0.328152,
1280,TIC 19924852,CANDIDATE,8.25178,1.1424
1281,TIC 19924852,CANDIDATE,8.253,1.03992
1282,TIC 178924738,CANDIDATE,20.5827,3.72
1283,TIC 743782,CANDIDATE,19.1324,3.336
1284,TIC 2626856,CANDIDATE,2.458783,1.2576
1285,TIC 2626856,CANDIDATE,2.459,1.092
1286,TIC 2626856,CANDIDATE,2.45840745,1.097
1287,TIC 179017896,CANDIDATE,1.055,0.51696
1288,TIC 179017896,CANDIDATE,1.054604,0.4608
1289,TIC 179017896,CANDIDATE,1.054612,0.4896
1290,TIC 179017896,CANDIDATE,1.05459,
1292,TIC 2539506,CANDIDATE,,7.32
1293,TIC 270498540,CANDIDATE,5.734172,5.7
1294,TIC 616321,CANDIDATE,62.841,2.02296
1295,TIC 619430,CANDIDATE,25.86125,
1296,TIC 619430,CANDIDATE,25.8614,2.976
1297,TIC 178948493,CANDIDATE,6.430383,4.9
1298,TIC 178999850,CANDIDATE,6.789076,
1299,TIC 178999850,CANDIDATE,6.788,2.784
1300,TIC 178999850,CANDIDATE,6.788344,2.7696
1301,TIC 178999850,CANDIDATE,6.78882,2.9328
1302,TIC 178999850,CANDIDATE,18.516,2.62008
1303,TIC 178999850,CANDIDATE,18.5159,2.808
1304,TIC 178999850,CANDIDATE,18.517319,
1305,TIC 196681768,CANDIDATE,2.268,1.51512
1306,TIC 196681768,CANDIDATE,2.2688499,2.475
1307,TIC 2623869,CANDIDATE,7.264,3.06792
1308,TIC 178957243,CANDIDATE,3.4914,1.824
1309,TIC 179023674,CANDIDATE,7.685505,2.8
1314,TIC 134983213,CANDIDATE,14.78545,1.848
1315,TIC 178919840,CANDIDATE,34.383193,3.7
1316,TIC 713672,CANDIDATE,19.984217,5.0
1317,TIC 2558796,CANDIDATE,1.017977,2.0808
1318,TIC 2558796,CANDIDATE,1.018,1.32192
1319,TIC 2558796,CANDIDATE,1.017968,0.96
1320,TIC 178920155,CANDIDATE,8.491003,2.9
1321,TIC 617029,CANDIDATE,8.953,0.81192
1322,TIC 617029,CANDIDATE,8.95366,0.8952
1323,TIC 196670888,CANDIDATE,37.361973,
1327,TIC 2707076,CANDIDATE,24.748442,2.9
1328,TIC 61097426,CANDIDATE,3.216,1.34304
1329,TIC 305803411,CANDIDATE,29.978884,6.3696
1330,TIC 203206013,CANDIDATE,6.725,0.92088
1331,TIC 203206013,CANDIDATE,6.72511,1.0824
1332,TIC 295680406,CANDIDATE,12.24568,2.8
1333,TIC 130712824,CANDIDATE,13.8883,3.336
1334,TIC 119131216,CANDIDATE,26.939433,5.4
1335,TIC 61072862,CANDIDATE,27.7985,11.64
1336,TIC 115016484,CANDIDATE,20.641492,4.0296
1337,TIC 115073563,CANDIDATE,12.634794,6.5
1338,TIC 270484318,CANDIDATE,7.535783,2.3
1339,TIC 130725309,CANDIDATE,6.116238,2.5
1340,TIC 130691696,CANDIDATE,9.668373,2.3
1341,TIC 425575714,CANDIDATE,0.546127,3.168
1342,TIC 168152235,CANDIDATE,2.49686,6.816
1343,TIC 2527981,CANDIDATE,5.84643,1.968
1344,TIC 2670610,CANDIDATE,9.769155,2.9808
1345,TIC 2670610,CANDIDATE,9.76897,
1346,TIC 2670610,CANDIDATE,9.7706,3.228
1347,TIC 2670610,CANDIDATE,9.770186,
1348,TIC 168148778,CANDIDATE,0.515513,1.3104
1349,TIC 168299520,CANDIDATE,6.7826,2.712
1350,TIC 325358229,CANDIDATE,3.12951,3.96
1351,TIC 90785991,CANDIDATE,13.61358,
1352,TIC 90785991,CANDIDATE,13.61242,3.024
1353,TIC 168545735,CANDIDATE,12.364531,2.8608
1354,TIC 90784652,CANDIDATE,6.79867,2.76
1355,TIC 1927591281,CANDIDATE,1.489154,1.512
1356,TIC 1927591279,CANDIDATE,1.489184,1.4592
1359,TIC 90090343,CANDIDATE,14.1297,3.528
1360,TIC 379912221,CANDIDATE,4.637911,
1361,TIC 379912221,CANDIDATE,4.63789,1.0656
1362,TIC 108428312,CANDIDATE,5.059033,
1363,TIC 108428312,CANDIDATE,5.059,
1364,TIC 2130074,CANDIDATE,1.876899,4.0464
1365,TIC 379956601,CANDIDATE,10.99044,
1366,TIC 465926320,CANDIDATE,21.568409,4.0704
1367,TIC 155246423,CANDIDATE,1.236438,2.4912
1368,TIC 154896670,CANDIDATE,7.269213,2.6448
1369,TIC 154896670,CANDIDATE,7.269622,2.3592
1370,TIC 154796579,CANDIDATE,7.457597,1.872
1371,TIC 168089445,CANDIDATE,43.1029,22.896
1372,TIC 154797962,CANDIDATE,0.2633809,2.196
1373,TIC 2615734,CANDIDATE,15.20726,3.6672
1374,TIC 2615734,CANDIDATE,15.207101,3.5496
1375,TIC 325608531,CANDIDATE,0.738067,2.928
1376,TIC 96932854,CANDIDATE,4.13556,2.208
1377,TIC 96932854,CANDIDATE,4.135707,
1378,TIC 96932854,CANDIDATE,6.631247,
1379,TIC 96932854,CANDIDATE,6.63107,2.28
1380,TIC 324364668,CANDIDATE,1.726115,3.096
1381,TIC 97319562,CANDIDATE,1.2539936,2.1264
1382,TIC 444054986,CANDIDATE,0.9085915,1.9176
1383,TIC 96708837,CANDIDATE,6.421719,6.12
1384,TIC 465915500,CANDIDATE,2.74324,5.928
1385,TIC 155684179,CANDIDATE,0.533393,1.992
1386,TIC 90684200,CANDIDATE,23.510811,8.58
1387,TIC 405831271,CANDIDATE,21.521554,
1388,TIC 90682548,CANDIDATE,5.33988,1.8
1389,TIC 125702445,CANDIDATE,6.689131,2.46
1390,TIC 3967390,CANDIDATE,,12.3336
1391,TIC 11181323,CANDIDATE,3.6322288,7.2096
1392,TIC 68959822,CANDIDATE,10.14588,5.3592
1393,TIC 123787162,CANDIDATE,11.123654,
1394,TIC 123787162,CANDIDATE,11.12366,3.576
1395,TIC 3881465,CANDIDATE,,4.68
1396,TIC 119268666,CANDIDATE,1.151471,0.0
1397,TIC 119268666,CANDIDATE,1.15144,
1398,TIC 125060527,CANDIDATE,14.94889,3.2424
1399,TIC 125060527,CANDIDATE,14.948966,
1400,TIC 5604455,CANDIDATE,3.0203,5.16
1401,TIC 128168004,CANDIDATE,13.125244,
1402,TIC 128168004,CANDIDATE,13.12227,3.936
1403,TIC 120557280,CANDIDATE,19.679411,
1404,TIC 120557280,CANDIDATE,19.68075,4.32
1405,TIC 187612272,CANDIDATE,3.38492,0.8568
1406,TIC 128168083,CANDIDATE,3.90518,3.444
1407,TIC 10280439,CANDIDATE,28.077484,3.6192
1408,TIC 187838615,CANDIDATE,11.86386,3.768
1409,TIC 177871423,CANDIDATE,8.6929,3.768
1410,TIC 442101253,CANDIDATE,9.761854,
1411,TIC 177542025,CANDIDATE,32.3204,8.88
1412,TIC 119907347,CANDIDATE,2.78592,
1413,TIC 119907347,CANDIDATE,2.786008,0.4992
1414,TIC 441899342,CANDIDATE,8.60133,4.0536
1415,TIC 441899342,CANDIDATE,29.8411,5.28
1416,TIC 12533482,CANDIDATE,16.692356,5.5296
1417,TIC 336598228,CANDIDATE,4.833191,4.8
1418,TIC 11445231,CANDIDATE,1.319474,3.1296
1419,TIC 11445231,CANDIDATE,1.3194719,3.1872
1420,TIC 11952309,CANDIDATE,21.587326,
1421,TIC 225090852,CANDIDATE,3.041617,
1422,TIC 225090852,CANDIDATE,3.04108,3.84
1423,TIC 442025716,CANDIDATE,0.4951253,2.5608
1424,TIC 187539699,CANDIDATE,1.589843,2.388
1425,TIC 336681160,CANDIDATE,8.421659,
1426,TIC 336681160,CANDIDATE,8.42177,0.6984
1427,TIC 187539305,CANDIDATE,9.811589,4.4
1428,TIC 377240984,CANDIDATE,11.587502,3.9
1429,TIC 12128679,CANDIDATE,1.549318,4.0176
1430,TIC 187506576,CANDIDATE,5.049068,4.2
1431,TIC 187506576,CANDIDATE,5.0521,
1432,TIC 179996779,CANDIDATE,1.9363475,2.2704
1433,TIC 377241703,CANDIDATE,1.157563,0.0
1434,TIC 414772236,CANDIDATE,2.17469,1.08
1435,TIC 335899543,CANDIDATE,1.658223,2.904
1436,TIC 350745858,CANDIDATE,0.56007,2.448
1437,TIC 130283326,CANDIDATE,4.88451,3.0
1438,TIC 130013676,CANDIDATE,4.35967,1.8576
1439,TIC 345024270,CANDIDATE,1.81053,1.68
1440,TIC 201149669,CANDIDATE,20.94388,3.672
1441,TIC 201149669,CANDIDATE,20.943909,3.4896
1442,TIC 6979435,CANDIDATE,0.944284,4.032
1443,TIC 130633912,CANDIDATE,5.292605,
1444,TIC 130633912,CANDIDATE,5.29266,3.3
1445,TIC 130633912,CANDIDATE,5.292627,3.2952
1446,TIC 446474423,CANDIDATE,0.5150196,1.9752
1447,TIC 446474423,CANDIDATE,0.515013,0.0
1448,TIC 6591443,CANDIDATE,26.4837,6.048
1449,TIC 6982778,CANDIDATE,2.08807,3.072
1450,TIC 130630665,CANDIDATE,34.3797,3.912
1451,TIC 130630665,CANDIDATE,15.6594,6.864
1452,TIC 6984477,CANDIDATE,1.4095126,3.2904
1453,TIC 269594456,CANDIDATE,3.22513,1.68
1454,TIC 333605244,CANDIDATE,4.9234,2.016
1455,TIC 248378702,CANDIDATE,8.03216,5.808
1456,TIC 248942621,CANDIDATE,17.093319,2.268
1457,TIC 248942621,CANDIDATE,17.093491,2.2608
1458,TIC 248387177,CANDIDATE,50.69369,4.4328
1459,TIC 248387177,CANDIDATE,50.6939885,4.068
1460,TIC 248387177,CANDIDATE,50.693644,
1461,TIC 248391319,CANDIDATE,0.7988453,1.0968
1462,TIC 248391319,CANDIDATE,0.7988525,0.831
1463,TIC 248382917,CANDIDATE,0.4378443,2.2248
1464,TIC 257395093,CANDIDATE,13.26931,3.7128
1465,TIC 399725072,CANDIDATE,7.119856,
1466,TIC 399725072,CANDIDATE,7.12113,1.944
1467,TIC 380886534,CANDIDATE,8.904519,2.9496
1468,TIC 380886534,CANDIDATE,8.904672,3.0864
1469,TIC 388816604,CANDIDATE,2.504853,2.2392
1470,TIC 388816604,CANDIDATE,2.5048167,2.092
1471,TIC 388777728,CANDIDATE,3.68047,2.112
1472,TIC 388777728,CANDIDATE,3.68034,
1473,TIC 399731211,CANDIDATE,2.6017,1.68
1474,TIC 388777783,CANDIDATE,15.960128,4.8888
1475,TIC 399673448,CANDIDATE,16.9616,5.424
1476,TIC 344770364,CANDIDATE,0.7175747,1.524
1477,TIC 388796986,CANDIDATE,5.1645,2.112
1478,TIC 388801599,CANDIDATE,3.44795,1.752
1479,TIC 344298851,CANDIDATE,,4.368
1480,TIC 257218673,CANDIDATE,0.5551606,1.0632
1481,TIC 344775682,CANDIDATE,6.26242,2.232
1482,TIC 344301618,CANDIDATE,24.4131,2.04
1483,TIC 344627644,CANDIDATE,4.02748,1.248
1484,TIC 344754408,CANDIDATE,10.55369,3.768
1485,TIC 388810419,CANDIDATE,41.55209,2.952
1486,TIC 388810419,CANDIDATE,41.552934,
1487,TIC 336893387,CANDIDATE,23.607902,
1488,TIC 336893387,CANDIDATE,23.610939,5.8392
1489,TIC 336893387,CANDIDATE,23.6088,6.0
1490,TIC 610791326,CANDIDATE,21.98131,4.6
1491,TIC 328067813,CANDIDATE,9.64954,1.0056
1492,TIC 336956423,CANDIDATE,6.5534,2.52
1493,TIC 257558789,CANDIDATE,0.6719977,1.716
1494,TIC 344772345,CANDIDATE,4.4358,0.936
1495,TIC 344772345,CANDIDATE,4.435717,
1496,TIC 344278776,CANDIDATE,3.31347,2.976
1497,TIC 365003901,CANDIDATE,1.72767,1.3704
1498,TIC 344631944,CANDIDATE,4.69942,3.792
1500,TIC 344716098,CANDIDATE,12.7256,3.432
1501,TIC 344770978,CANDIDATE,45.4939,8.28
1502,TIC 318708039,CANDIDATE,12.092199,
1503,TIC 318708039,CANDIDATE,12.092216,8.5104
1504,TIC 318708039,CANDIDATE,12.09259,8.712
1505,TIC 328066864,CANDIDATE,10.7946,3.336
1506,TIC 328066864,CANDIDATE,10.7946,
1507,TIC 328066864,CANDIDATE,4.06643,1.56
1508,TIC 344772652,CANDIDATE,57.8396,6.552
1509,TIC 344280587,CANDIDATE,4.49161,2.64
1510,TIC 344713897,CANDIDATE,19.496649,
1511,TIC 344713897,CANDIDATE,19.4989,4.608
1512,TIC 344712077,CANDIDATE,3.78177,2.448
1513,TIC 257434940,CANDIDATE,9.073266,6.9456
1514,TIC 257591913,CANDIDATE,2.010607,1.8
1515,TIC 344298300,CANDIDATE,13.6094,2.784
1516,TIC 257394133,CANDIDATE,5.23587,3.672
1517,TIC 257394133,CANDIDATE,5.235714,3.4512
1518,TIC 388767936,CANDIDATE,2.43807,1.416
1519,TIC 328083717,CANDIDATE,6.80111,1.176
1520,TIC 369480087,CANDIDATE,0.728639,0.3696
1521,TIC 369480087,CANDIDATE,0.36432248,0.2120684
1522,TIC 344756033,CANDIDATE,17.1057,3.432
1523,TIC 344586726,CANDIDATE,7.30383,1.3704
1525,TIC 257800191,CANDIDATE,4.684559,2.9
1526,TIC 369478723,CANDIDATE,57.8415,8.16
1528,TIC 376935115,CANDIDATE,9.4538,4.92
1529,TIC 257913832,CANDIDATE,7.51114,2.4
1530,TIC 408517614,CANDIDATE,10.4347,3.456
1531,TIC 266074740,CANDIDATE,15.246593,3.7608
1535,TIC 406410648,CANDIDATE,4.284523,
1536,TIC 406410648,CANDIDATE,4.28446,1.1952
1537,TIC 406410648,CANDIDATE,4.28475,1.1688
1538,TIC 406410644,CANDIDATE,6.53074,
1539,TIC 406410644,CANDIDATE,6.53046,2.4
1540,TIC 376906028,CANDIDATE,,11.64
1541,TIC 401433551,CANDIDATE,14.753,2.328
1542,TIC 376921348,CANDIDATE,21.776971,2.2008
1543,TIC 376921348,CANDIDATE,21.77635,2.1696
1544,TIC 266074031,CANDIDATE,8.78627,1.392
1545,TIC 380884709,CANDIDATE,57.10412,5.1696
1546,TIC 380884709,CANDIDATE,20.21535,3.408
1547,TIC 266012798,CANDIDATE,39.3266,8.28
1548,TIC 257816591,CANDIDATE,7.64514,2.592
1549,TIC 369478173,CANDIDATE,46.47688,6.504
1550,TIC 429052510,CANDIDATE,,8.16
1551,TIC 401493706,CANDIDATE,6.73572,
1552,TIC 401493706,CANDIDATE,6.73511,4.992
1553,TIC 401493706,CANDIDATE,15.1563,4.92
1554,TIC 257804318,CANDIDATE,13.26773,1.056
1555,TIC 266013060,CANDIDATE,7.14238,1.152
1556,TIC 405336406,CANDIDATE,2.65323,
1557,TIC 405336406,CANDIDATE,2.653275,3.9168
1558,TIC 266030611,CANDIDATE,40.938,6.552
1559,TIC 257814430,CANDIDATE,29.435233,
1560,TIC 369472094,CANDIDATE,10.228,
1561,TIC 369472094,CANDIDATE,10.22657,3.336
1562,TIC 369474686,CANDIDATE,3.91764,2.496
1563,TIC 257815127,CANDIDATE,6.4063,1.728
1564,TIC 369476611,CANDIDATE,31.9761,5.928
1582,TIC 266031238,CANDIDATE,8.133218,
1583,TIC 266031238,CANDIDATE,8.1344,1.92
1584,TIC 266031238,CANDIDATE,17.78804,1.68
1585,TIC 406412126,CANDIDATE,2.52894,1.8
1586,TIC 414920805,CANDIDATE,2.311162,4.0296
1587,TIC 233023063,CANDIDATE,3.128977,3.3
1589,TIC 98753307,CANDIDATE,15.32811688,4.1138054
1590,TIC 98753307,CANDIDATE,15.35092,3.6
1591,TIC 110996418,CANDIDATE,15.78132,3.4008
1592,TIC 110996418,CANDIDATE,15.78157906,3.9993972
1593,TIC 152870383,CANDIDATE,5.20256,1.3992
1596,TIC 429302130,CANDIDATE,48.249552,
1597,TIC 176943961,CANDIDATE,25.988289,
1598,TIC 98675725,CANDIDATE,18.69646,2.2008
1599,TIC 288605104,CANDIDATE,12.20239,4.0008
1600,TIC 98627779,CANDIDATE,4.18787,2.2008
1601,TIC 176944608,CANDIDATE,19.57833,2.5992
1602,TIC 176944608,CANDIDATE,19.57572,
1603,TIC 98674982,CANDIDATE,0.844548,0.58
1604,TIC 175371660,CANDIDATE,11.73677,2.1
1607,TIC 130643080,CANDIDATE,25.58142,5.4
1608,TIC 51640851,CANDIDATE,10.583942,3.8
1609,TIC 94925023,CANDIDATE,5.69046,3.3
1610,TIC 130589987,CANDIDATE,1.055785,
1611,TIC 94923808,CANDIDATE,37.20364,3.1008
1612,TIC 130610137,CANDIDATE,20.84919,4.9992
1613,TIC 94924543,CANDIDATE,16.140442,
1614,TIC 94924543,CANDIDATE,16.13655,2.1
1615,TIC 130639648,CANDIDATE,0.251647,
1616,TIC 291157563,CANDIDATE,11.67254,3.1008
1617,TIC 377263357,CANDIDATE,4.036791,
1618,TIC 377263357,CANDIDATE,4.03692,1.5
1619,TIC 130700441,CANDIDATE,3.137611,1.7208
1620,TIC 198667693,CANDIDATE,9.632039,0.98
1621,TIC 77900781,CANDIDATE,18.239311,4.3
1622,TIC 49687294,CANDIDATE,11.109675,2.6
1623,TIC 8995204,CANDIDATE,5.138,
1625,TIC 9099036,CANDIDATE,29.957262,2.9
1626,TIC 49591302,CANDIDATE,8.04473,
1627,TIC 49591302,CANDIDATE,11.82469,
1629,TIC 404225518,CANDIDATE,7.084267,3.0
1630,TIC 404225518,CANDIDATE,20.676056,3.9
1631,TIC 8939120,CANDIDATE,6.786539,2.9
1632,TIC 423612780,CANDIDATE,2.988541,2.4
1633,TIC 49784497,CANDIDATE,21.436032,3.0
1636,TIC 278965554,CANDIDATE,6.39595,
1637,TIC 301328844,CANDIDATE,3.853494,2.4
1638,TIC 398573061,CANDIDATE,4.696045,2.4
1639,TIC 301176722,CANDIDATE,8.6387,
1640,TIC 250107419,CANDIDATE,3.98547,
1641,TIC 136820022,CANDIDATE,16.607299,3.7
1642,TIC 301137296,CANDIDATE,16.980197,4.1
1643,TIC 313885044,CANDIDATE,1.827,
1644,TIC 136821197,CANDIDATE,1.29655,2.1
1645,TIC 301256862,CANDIDATE,3.379516,2.1
1646,TIC 38333081,CANDIDATE,1.082,
1647,TIC 38333081,CANDIDATE,1.082361,1.2
1648,TIC 301134534,CANDIDATE,3.35,
1649,TIC 301134534,CANDIDATE,9.32,
1650,TIC 301138749,CANDIDATE,13.9145,
1651,TIC 38270198,CANDIDATE,4.03776,
1652,TIC 301174595,CANDIDATE,7.539949,4.0
1653,TIC 311056047,CANDIDATE,5.10555,1.8
1654,TIC 248050726,CANDIDATE,17.768404,3.3
1655,TIC 301080852,CANDIDATE,4.464438,3.5
1656,TIC 301175013,CANDIDATE,11.416439,2.0
1657,TIC 262567644,CANDIDATE,7.21084,3.1
1658,TIC 303676760,CANDIDATE,13.284219,2.7
1659,TIC 303676760,CANDIDATE,24.213117,3.7
1660,TIC 245902092,CANDIDATE,2.46564,5.5
1661,TIC 436574070,CANDIDATE,18.896192,3.0
1664,TIC 311365815,CANDIDATE,13.107894,4.3
1665,TIC 293836988,CANDIDATE,1.925,
1666,TIC 436725149,CANDIDATE,10.1997,
1667,TIC 436615005,CANDIDATE,21.371372,6.6
1668,TIC 436725612,CANDIDATE,7.098695,2.9
1669,TIC 68893269,CANDIDATE,4.20566,
1670,TIC 68893269,CANDIDATE,4.20507413,1.1574129
1671,TIC 68576786,CANDIDATE,9.7051,
1672,TIC 68655248,CANDIDATE,0.73217,1.3
1673,TIC 68646526,CANDIDATE,5.2289874,3.386
1674,TIC 68646526,CANDIDATE,5.228352,3.5
1675,TIC 18540366,CANDIDATE,3.1764,
1676,TIC 337575333,CANDIDATE,2.419472,5.8
1677,TIC 68746914,CANDIDATE,6.770834,6.7
1678,TIC 18482620,CANDIDATE,14.616783,3.9
1679,TIC 118447675,CANDIDATE,13.7579,
1680,TIC 69054629,CANDIDATE,3.3733,
1681,TIC 69054629,CANDIDATE,8.4356,
1682,TIC 18483759,CANDIDATE,3.09246,1.9
1683,TIC 238416379,CANDIDATE,20.379434,14.0
1684,TIC 69086979,CANDIDATE,4.420394,6.0
1685,TIC 337418339,CANDIDATE,1.248905,1.8
1686,TIC 59959987,CANDIDATE,12.505,
1687,TIC 85108908,CANDIDATE,11.95706,4.0
1688,TIC 60267998,CANDIDATE,7.624,
1689,TIC 349072212,CANDIDATE,6.363302,1.5
1690,TIC 268280043,CANDIDATE,5.164157,2.2
1691,TIC 268023701,CANDIDATE,18.001053,5.2
1692,TIC 60010019,CANDIDATE,9.426901,2.3
1693,TIC 374179977,CANDIDATE,4.71688,2.3
1694,TIC 374339383,CANDIDATE,18.436944,3.9
1695,TIC 277697921,CANDIDATE,5.7519475,2.428
1696,TIC 277697921,CANDIDATE,5.751763,2.6
1697,TIC 277697921,CANDIDATE,10.472764,3.1
1698,TIC 374269904,CANDIDATE,3.917682,2.4
1699,TIC 349986198,CANDIDATE,3.577394,1.7
1700,TIC 349986198,CANDIDATE,3.577501,1.662
1701,TIC 392850705,CANDIDATE,14.390721,4.0
1702,TIC 392848730,CANDIDATE,9.032248,3.0
1703,TIC 392848730,CANDIDATE,16.100178,3.9
1704,TIC 350074163,CANDIDATE,2.491154,4.0
1705,TIC 393496970,CANDIDATE,1.754,
1706,TIC 349987359,CANDIDATE,16.222,
1707,TIC 350022495,CANDIDATE,2.571267,1.8
1709,TIC 358805916,CANDIDATE,13.071041,5.2
1710,TIC 63838888,CANDIDATE,28.848339,7.1
1711,TIC 186282430,CANDIDATE,6.695687,3.4
1712,TIC 186282430,CANDIDATE,27.917236,5.0
1713,TIC 23507318,CANDIDATE,17.818211,3.0
1714,TIC 292263845,CANDIDATE,5.116834,4.9
1715,TIC 438900799,CANDIDATE,7.522109,4.0
1716,TIC 73803791,CANDIDATE,1.075,
1717,TIC 73848795,CANDIDATE,18.786043,3.6
1718,TIC 422668855,CANDIDATE,15.320606,4.2
1719,TIC 428875585,CANDIDATE,7.943604,3.3
1720,TIC 428918500,CANDIDATE,7.815366,2.9
1721,TIC 428918500,CANDIDATE,19.520805,3.9
1722,TIC 287539569,CANDIDATE,39.57057,6.0
1723,TIC 287538776,CANDIDATE,11.29231,2.9
1724,TIC 70863764,CANDIDATE,24.481285,3.6
1725,TIC 422690299,CANDIDATE,10.307387,3.4
1726,TIC 70178670,CANDIDATE,10.205377,7.9
1727,TIC 70178670,CANDIDATE,23.336739,10.0
1728,TIC 335955427,CANDIDATE,1.696716,1.3
1729,TIC 432260916,CANDIDATE,31.396001,4.7
1730,TIC 118696099,CANDIDATE,18.277358,3.2
1731,TIC 347940884,CANDIDATE,28.888589,6.2
1732,TIC 386976414,CANDIDATE,2.228112,1.8
1736,TIC 297305079,CANDIDATE,0.801864,0.89
1737,TIC 294771856,CANDIDATE,17.562214,2.9
1738,TIC 294772579,CANDIDATE,1.705,
1739,TIC 294647915,CANDIDATE,35.960194,4.0
1740,TIC 294715445,CANDIDATE,17.92,
1741,TIC 294720594,CANDIDATE,22.122365,4.0
1744,TIC 55278292,CANDIDATE,20.924593,1.5336
1746,TIC 55316277,CANDIDATE,19.581519,2.7168
1747,TIC 55266835,CANDIDATE,6.854931,1.2624
1748,TIC 55266835,CANDIDATE,6.85484646,1.5226064
1749,TIC 55267074,CANDIDATE,4.392503,1.8
1762,TIC 386908880,CANDIDATE,30.921004,5.484
1768,TIC 126323200,CANDIDATE,11.634988,4.4
1771,TIC 66714484,CANDIDATE,14.223889,3.6
1772,TIC 203216124,CANDIDATE,10.973135,2.7
2566,TIC 98720809,CANDIDATE,31.0,
